email;phone;address;zipCode;isActive;firstName;lastName
bmurrill0@netlog.com;11953035;8 Hanover Drive;9000;true;Barbara-anne;Murrill
vkuzemka1@chron.com;66191657;32522 Russell Alley;9000;false;Viviana;Kuzemka
wmenat2@miibeian.gov.cn;77905879;9825 Petterle Drive;9000;false;Wilton;Menat
jbernadon3@economist.com;15830337;2 Pankratz Way;9000;false;Jolene;Bernadon
esizzey4@biglobe.ne.jp;31989653;3 Gateway Road;9000;false;Eric;Sizzey
aholdall5@issuu.com;67080578;220 Lakewood Gardens Park;8700;true;Alma;Holdall
kbidwell6@pagesperso-orange.fr;71063439;273 Havey Parkway;8700;true;Killian;Bidwell
edear7@issuu.com;18059547;07314 International Junction;8700;true;Ernie;Dear
fmckim8@delicious.com;71074216;687 Sundown Crossing;7000;false;Francklin;McKim
mspollen9@samsung.com;65151272;1619 Banding Hill;7000;true;Maje;Spollen
ghartroppa@howstuffworks.com;67979469;875 Delladonna Junction;7000;true;Gwenora;Hartropp
cfitzgibbonb@japanpost.jp;14798711;1412 Upham Way;7100;true;Cathi;FitzGibbon
rninehamc@t.co;51007837;79442 Sutteridge Trail;7100;false;Riannon;Nineham
jlouisotd@google.de;86459122;01796 Gulseth Junction;7100;false;Jonell;Louisot
achiccoe@a8.net;13773679;07 Pierstorff Road;8900;false;Adele;Chicco
grivittf@wisc.edu;45809002;94276 Maple Center;8900;false;Gloriane;Rivitt
oboddyg@alibaba.com;15133486;339 Loomis Crossing;8900;true;Oran;Boddy
cnorreeh@hatena.ne.jp;24772056;53 Wayridge Center;7190;true;Conny;Norree
mruppelii@rambler.ru;15494665;9 Ridge Oak Alley;7190;true;Marjorie;Ruppeli
asatterlyj@ebay.co.uk;56175740;22 Clyde Gallagher Crossing;7190;true;Adolphus;Satterly
